Model,A5L,,A12L,
Payload,5 kg (11 lb) / 7 kg (15.4 Ib) \ :sup:`1`,,12 kg (26.4 lb),
Weight (including cables),23 kg (50.7 lb),,41 kg (90.4 lb),
Reach,954 mm (37.5 in),,1425 mm (55.7 in),
Repeatability,±0.02 mm (±0.00079 in),,±0.03 mm (±0.00118 in),
Degree of freedom,6,,,
Programming,"Graphical programming, and freedrive programming",,,
Demonstrator type,Mobile terminal (computer/pad/mobile phone),,,
Collaborative operation,Collaborative operation as ISO 10218-1: 2011,,,
Range of action,,,,
Joint 1,±360°,,±360°,
Joint 2,±360°,,±360°,
Joint 3,±360°,,±360°,
Joint 4,±360°,,±360°,
Joint 5,±360°,,±360°,
Joint 6,±360°,,±360°,
Joint speed,,,,
Joint 1,210 °/s,,150 °/s,
Joint 2,210 °/s,,150 °/s,
Joint 3,210 °/s,,210 °/s,
Joint 4,265 °/s \ :sup:`1`,,210 °/s,
Joint 5,265 °/s \ :sup:`1`,,210 °/s,
Joint 6,265 °/s \ :sup:`1`,,210 °/s,
Tool max speed,3.5 m/s (11.5 ft/s),,4 m/s (13.1 ft/s),
Average power consumption,350 W,,500 W,
Peak power,2000 W,,3000 W,
Temperature,0~50°C (32~122°F) \ :sup:`2`,,,
Humidity,"0~90% RH, non-condensation",,,
IP,"J1, 2, 3","J4, 5, 6","Joint 1, 2, 3, 4","Joint 5, 6"
,IP54,IP67,IP54,IP67
Robot mounting,Mounting at any angle,,,
Tool I/O port,"| 2 digital inputs 
| 2 digital outputs
| 2 analog inputs",,,
Tool I/O power supply,12/24V,,,
Tool I/O size,M8,,,
Tool I/O cable length,400 mm (15.7 in),,,
Base diameter,"⌀158 mm (6.2 in), M8*4",,"⌀188 mm (7.4 in), M8*4",
Material,"Aluminum alloy, PC",,,
Length of robot connection cable,6 m (236.2 in),,,
Length of control stick cable,6 m (236.2 in),,,
