型号,,CAB L,CAB H,CAB LiteAC,CAB LiteDC
重量,,12.8 kg (28.2 lb),15 kg (33.1 lb),4.8 kg (10.6 lb),3.5 kg (7.7 lb)
尺寸（宽度*深度*高度）,,421*379*255 mm (16.6*14.9*10.0 in),437*379*255 mm (17.2*14.9*10.0 in),425*196*136 mm (16.7*7.7*5.4 in),425*208*136 mm (16.7*8.2*5.4 in)
防护等级,,IP54,,IP20,
材质,,钢、铝合金,,,
电压,,100~240 VAC,,,48 VDC
电压容差,,±5%,,,
频率,,50/60 Hz,,,-
通讯,网口,2*Ethernet（千兆）,,,
,工业协议,"| PROFINET IO设备
| EtherCAT主站
| EtherNet/IP适配器
| Modbus RTU主/从站
| Modbus TCP客户端/服务器",,,
,扩展协议,PROFINET控制器、CC-Link从站等,,,
I/O端口,,"| 16路DI（可配置NPN/PNP）
| 16路DO（可配置NPN/PNP）
| 16路安全DI（默认配置安全模式，PNP）
| 16路安全DO（默认配置安全模式，PNP）
| HSI高速输入接口（多模式、差分）
| 2路紧急停止输入
| 2路保护性停止输入",,,
I/O电源,,"| 内部：24V 3A
| 外部：24V 5A",,,
电源线长度,,3 m（118 in）,,,
环境温度,,0-50℃（32-122℉）,,,
环境湿度,,10-90%RH,,,
海拔,,≤2000 m (6562 ft),,,
大气压,,1 Bar,,,
噪声,,≤45 dB,,,
