型号,A5L,,A12L,
额定负载,5 kg (11 lb) / 7 kg (15.4 Ib) \ :sup:`1`,,12 kg (26.4 lb),
重量（含电缆）,23 kg (50.7 lb),,41.5 kg (91.5 lb),
臂展,954 mm (37.5 in),,1455 mm (57.3 in),
重复定位精度,±0.02 mm (±0.00079 in),,±0.03 mm (±0.00118 in),
自由度,6,,,
编程,图形化编程、拖拽编程,,,
示教器类型,移动终端（电脑/平板/手机）,,,
协作操作,根据GB 11291.1-2011进行协同操作,,,
动作范围,,,,
关节1,±360°,,±360°,
关节2,±360°,,±360°,
关节3,±360°,,±360°,
关节4,±360°,,±360°,
关节5,±360°,,±360°,
关节6,±360°,,±360°,
关节速度,,,,
关节1,210°/s,,150 °/s,
关节2,210°/s,,150 °/s,
关节3,210°/s,,210 °/s,
关节4,265°/s \ :sup:`1`,,210 °/s,
关节5,265°/s \ :sup:`1`,,210 °/s,
关节6,265°/s \ :sup:`1`,,210 °/s,
工具端最大速度,3.5 m/s (11.5 ft/s),,4 m/s (13.1 ft/s),
平均功率,350 W,,500 W,
峰值功率,2000 W,,3000 W,
温度范围,0~50°C (32~122°F) \ :sup:`2`,,,
湿度范围,0~90% RH，非冷凝,,,
IP等级,关节1/2/3,关节4/5/6,关节1/2/3/4,关节5/6
,IP54,IP67,IP54,IP67
机器人安装,任意角度安装,,,
工具I/O端口,"| 数字输入 2
| 数字输出 2
| 模拟输入 2",,,
工具I/O电源,12/24V,,,
工具I/O尺寸,M8,,,
工具I/O线长度,400 mm (15.7 in),,,
底座直径,"Φ158 mm (6.2 in), M8*4",,Φ188mm (7.4 in)，M8*4,
材质,铝合金，PC,,,
机器人连接线长度,6 m (236 in),,,
手柄线缆长度,6 m (236 in),,,
