"序号","名称","针脚","","功能"
"P1","EI、SI、Remote","1","IN_V1","内部电源24V输出1，不可连接外部设备"
"","","2","IN_V-","内部GND，不可连接外部设备"
"","","3","EI_0","紧急停止功能输入0，默认短接IN_V2"
"","","4","EI_1","紧急停止功能输入1，默认短接IN_V2"
"","","5","SI_0","防护停止功能输入 0，默认短接IN_V2"
"","","6","SI_1","防护停止功能输入 1，默认短接IN_V2"
"","","7","R_ON","远程开机信号输入，24V有效"
"","","8","R_OFF","远程关机信号输入，24V有效"
"","","9/15/16","S_V+","安全电源接口正，默认短接IN_V1，仅供R_ON和R_OFF接口供电，不可连接外部设备"
"","","10","S_0V","安全电源接口负，默认短接IN_V-"
"","","11-14","IN_V2","内部电源24V输出2，仅供EI_0，EI_1，SI_0，SI_1接口供电，不可连接外部设备"
"P2","SDI (1~8) / 8路安全数字输入","1~8","V+","隔离电源输入正，默认短接内部24V"
"","","9","SDI1","第1路安全数字输入，PNP型，高电平有效"
"","","10","SDI2","第2路安全数字输入，PNP型，高电平有效"
"","","11","SDI3","第3路安全数字输入，PNP型，高电平有效"
"","","12","SDI4","第4路安全数字输入，PNP型，高电平有效"
"","","13","SDI5","第5路安全数字输入，PNP型，高电平有效"
"","","14","SDI6","第6路安全数字输入，PNP型，高电平有效"
"","","15","SDI7","第7路安全数字输入，PNP型，高电平有效"
"","","16","SDI8","第8路安全数字输入，PNP型，高电平有效"
"P3","SDI (9~16) / 8路安全数字输入","1~8","V+","隔离电源输入正，默认短接内部24V"
"","","9","SDI9","第9路安全数字输入，PNP型，高电平有效"
"","","10","SDI10","第10路安全数字输入，PNP型，高电平有效"
"","","11","SDI11","第11路安全数字输入，PNP型，高电平有效"
"","","12","SDI12","第12路安全数字输入，PNP型，高电平有效"
"","","13","SDI13","第13路安全数字输入，PNP型，高电平有效"
"","","14","SDI14","第14路安全数字输入，PNP型，高电平有效"
"","","15","SDI15","第15路安全数字输入，PNP型，高电平有效"
"","","16","SDI16","第16路安全数字输入，PNP型，高电平有效"
"P4","SDO (1~8) / 8路安全数字输出","1~8","V–","隔离电源输入负，默认短接内部GND"
"","","9","SDO1","第1路安全数字输出，PNP型，持续电流输出能力≤0.5A"
"","","10","SDO2","第2路安全数字输出，PNP型，持续电流输出能力≤0.5A"
"","","11","SDO3","第3路安全数字输出，PNP型，持续电流输出能力≤0.5A"
"","","12","SDO4","第4路安全数字输出，PNP型，持续电流输出能力≤0.5A"
"","","13","SDO5","第5路安全数字输出，PNP型，持续电流输出能力≤0.5A"
"","","14","SDO6","第6路安全数字输出，PNP型，持续电流输出能力≤0.5A"
"","","15","SDO7","第7路安全数字输出，PNP型，持续电流输出能力≤0.5A"
"","","16","SDO8","第8路安全数字输出，PNP型，持续电流输出能力≤0.5A"
"P5","SDO (9~16) / 8路安全数字输出","1~8","V–","隔离电源输入负，默认短接内部GND"
"","","9","SDO9","第9路安全数字输出，PNP型，持续电流输出能力≤0.5A"
"","","10","SDO10","第10路安全数字输出，PNP型，持续电流输出能力≤0.5A"
"","","11","SDO11","第11路安全数字输出，PNP型，持续电流输出能力≤0.5A"
"","","12","SDO12","第12路安全数字输出，PNP型，持续电流输出能力≤0.5A"
"","","13","SDO13","第13路安全数字输出，PNP型，持续电流输出能力≤0.5A"
"","","14","SDO14","第14路安全数字输出，PNP型，持续电流输出能力≤0.5A"
"","","15","SDO15","第15路安全数字输出，PNP型，持续电流输出能力≤0.5A"
"","","16","SDO16","第16路安全数字输出，PNP型，持续电流输出能力≤0.5A"
"P6","HSI、RS485","1","M_A","主站RS485通信485A"
"","","2","M_B","主站RS485通信485B"
"","","3","S_A","从站RS485通信485A"
"","","4","S_B","从站RS485通信485B"
"","","5、13","HSI_0V","编码器内部电源负"
"","","6","A_N","差分信号1输入负端/编码器A-"
"","","7","B_N","差分信号2输入负端/编码器B-"
"","","8","Z_N","差分信号3输入负端/编码器Z-"
"","","9","M_0V","主RS485隔离电源负"
"","","10","HSI_5V","编码器内部电源+5V，最大输出电流100mA"
"","","11","S_0V","从RS485隔离电源负"
"","","12","HSI_24V","编码器内部电源+24V，最大输出电流100mA"
"","","14","A_P","差分信号1输入正端/编码器A+"
"","","15","B_P","差分信号2输入正端/编码器B+"
"","","16","Z_P","差分信号3输入正端/编码器Z+"
"P7","DI (1~8) / 8路数字输入","1~8","V+","隔离电源输入正，默认短接内部24V"
"","","9","DI1","第1路数字输入，PNP/NPN可配置"
"","","10","DI2","第2路数字输入，PNP/NPN可配置"
"","","11","DI3","第3路数字输入，PNP/NPN可配置"
"","","12","DI4","第4路数字输入，PNP/NPN可配置"
"","","13","DI5","第5路数字输入，PNP/NPN可配置"
"","","14","DI6","第6路数字输入，PNP/NPN可配置"
"","","15","DI7","第7路数字输入，PNP/NPN可配置"
"","","16","DI8","第8路数字输入，PNP/NPN可配置"
"P8","DI (9~16) / 8路数字输入","1~8","V-","隔离电源输入负，默认短接内部GND"
"","","9","DI9","第9路数字输入，PNP/NPN可配置"
"","","10","DI10","第10路数字输入，PNP/NPN可配置"
"","","11","DI11","第11路数字输入，PNP/NPN可配置"
"","","12","DI12","第12路数字输入，PNP/NPN可配置"
"","","13","DI13","第13路数字输入，PNP/NPN可配置"
"","","14","DI14","第14路数字输入，PNP /NP可配置"
"","","15","DI15","第15路数字输入，PNP/NPN可配置"
"","","16","DI16","第16路数字输入，PNP/NPN可配置"
"P9","DO (1~8) / 8路数字输出","1~8","V+","隔离电源输入正，默认短接内部24V"
"","","9","DO1","第1路数字输出，PNP/NPN可配置"
"","","10","DO2","第2路数字输出，PNP/NPN可配置"
"","","11","DO3","第3路数字输出，PNP/NPN可配置"
"","","12","DO4","第4路数字输出，PNP/NPN可配置"
"","","13","DO5","第5路数字输出，PNP/NPN可配置"
"","","14","DO6","第6路数字输出，PNP/NPN可配置"
"","","15","DO7","第7路数字输出，PNP/NPN可配置"
"","","16","DO8","第8路数字输出，PNP/NPN可配置"
"P10","DO (9~16) / 8路数字输出","1~8","V–","隔离电源输入负，默认短接内部GND"
"","","9","DO9","第9路数字输出，PNP/NPN可配置"
"","","10","DO10","第10路数字输出，PNP/NPN可配置"
"","","11","DO11","第11路数字输出，PNP/NPN可配置"
"","","12","DO12","第12路数字输出，PNP/NPN可配置"
"","","13","DO13","第13路数字输出，PNP/NPN可配置"
"","","14","DO14","第14路数字输出，PNP/NPN可配置"
"","","15","DO15","第15路数字输出，PNP/NPN可配置"
"","","16","DO16","第16路数字输出，PNP/NPN可配置"
"P11","","1~16","V+","隔离电源输入正，默认短接内部24V"
"P12","","1","C_L","BP内部调试接口CANL"
"","","9","C_H","BP内部调试接口CANH"
"","","2","M_L","Motion内部调试接口CANL"
"","","10","M_H","Motion内部调试接口CANH"
"","","3、4","V–","隔离电源输入负，默认短接内部GND"
"","","5~8、15~16","V+","隔离电源输入正，默认短接内部24V"
"","","11~12","IN_V–","内部GND"
"","","13~14","IN_V+","内部24V"
