序号,分类,操作,参考
1,机器人安装,拆开机器人包装,
2,,将机器人从包装中取出,请参阅 :ref:`拆包`
3,,将机器人运送至安装位置,请参阅 :ref:`搬运`
4,,将其固定在平台或基座上,请参阅 :ref:`机器人本体安装`
5,,将工具固定在机器人末端（如有）,请参阅 :ref:`安装末端执行器`
6,控制柜安装,拆开控制柜包装,请参阅 :ref:`拆包`
7,,将控制柜从包装取出，并运送到机器人安装位置附近,请参阅 :ref:`安装控制柜`
8,线缆连接,依次连接机器人连接线、控制柜电源线、手柄线、网线（如需）、TIO线（如需）,"| 请参阅
|  :ref:`机器人连接线接口`
|  :ref:`底面板接口`
|  :ref:`工具I/O接口`"
9,,拨动控制柜底部船型开关，打开电源开关,请参阅 :ref:`底面板接口`
10,,默认状态下，手柄急停按钮处于松开状态，如果手柄急停按钮被按下，松开急停按钮。,请参阅 :ref:`手柄说明`
11,连接机器人,使用手柄开启控制柜、机器人,请参阅 :ref:`机器人上下使能`
12,,使用移动设备连接机器人,请参阅 |软件| 软件用户手册
13,供电电压配置,若控制柜的供电环境非220V，在连接机器人后，请立即在JAKA App中将控制柜供电选项配置为“其他”。,请参阅 |软件| 软件用户手册
14,配置机器人,在软件上设置机器人安装姿态、负载、碰撞灵敏度,请参阅 |软件| 软件用户手册
15,控制机器人,按住机器人末端FREE按钮或在 |软件| 手动控制界面或编程控制界面控制机器人运动,"| 请参阅
|  :ref:`末端法兰按钮`
|  |软件| 软件用户手册"
