"No.","Name","Pin","","Description"
"P1","EI, SI, Remote","1","IN_V1","Internal 24V output 1, do not connect external devices"
"","","2","IN_V-","Internal GND, do not connect external devices"
"","","3","EI_0","Emergency stop input 0, shorted to Ctrl_24V by default"
"","","4","EI_1","Emergency stop input 1, shorted to Ctrl_24V by default"
"","","5","SI_0","Protective stop input 0, shorted to Ctrl_24V by default"
"","","6","SI_1","Protective stop input 1, shorted to Ctrl_24V by default"
"","","7","R_ON","Remote on signal input, active at 24V"
"","","8","R_OFF","Remote off signal input, active at 24V"
"","","9/15/16","S_V+","Positive electrode of safety power interface, shorted to IN_V1 by default. This interface solely provides power for R_ON and R_OFF signals, do not connect external devices."
"","","10","S_0V","Negative electrode of safety power interface, shorted to IN_V- by default"
"","","11~14","IN_V2","Internal 24V output 2. This interface solely provides power for EI_0, EI_1, SI_0 and SI_1 signals, do not connect external devices."
"P2","SDI (1~8) / 8 safety digital inputs","1~8","V+","Positive electrode of isolated power, shorted to internal 24V by default"
"","","9","SDI1","Safety digital input channel 1, PNP type, active high"
"","","10","SDI2","Safety digital input channel 2, PNP type, active high"
"","","11","SDI3","Safety digital input channel 3, PNP type, active high"
"","","12","SDI4","Safety digital input channel 4, PNP type, active high"
"","","13","SDI5","Safety digital input channel 5, PNP type, active high"
"","","14","SDI6","Safety digital input channel 6, PNP type, active high"
"","","15","SDI7","Safety digital input channel 7, PNP type, active high"
"","","16","SDI8","Safety digital input channel 8, PNP type, active high"
"P3","SDI (9~16) / 8 safety digital inputs","1~8","V+","Positive electrode of isolated power, shorted to internal 24V by default"
"","","9","SDI9","Safety digital input channel 9, PNP type, active high"
"","","10","SDI10","Safety digital input channel 10, PNP type, active high"
"","","11","SDI11","Safety digital input channel 11, PNP type, active high"
"","","12","SDI12","Safety digital input channel 12, PNP type, active high"
"","","13","SDI13","Safety digital input channel 13, PNP type, active high"
"","","14","SDI14","Safety digital input channel 14, PNP type, active high"
"","","15","SDI15","Safety digital input channel 15, PNP type, active high"
"","","16","SDI16","Safety digital input channel 16, PNP type, active high"
"P4","SDO (1~8) / 8 safety digital outputs","1~8","V–","Negative electrode of isolated power, shorted to internal GND by default"
"","","9","SDO1","Safety digital output channel 1, PNP type, ≤0.5 A continuous current output"
"","","10","SDO2","Safety digital output channel 2, PNP type, ≤0.5 A continuous current output"
"","","11","SDO3","Safety digital output channel 3, PNP type, ≤0.5 A continuous current output"
"","","12","SDO4","Safety digital output channel 4, PNP type, ≤0.5 A continuous current output"
"","","13","SDO5","Safety digital output channel 5, PNP type, ≤0.5 A continuous current output"
"","","14","SDO6","Safety digital output channel 6, PNP type, ≤0.5 A continuous current output"
"","","15","SDO7","Safety digital output channel 7, PNP type, ≤0.5 A continuous current output"
"","","16","SDO8","Safety digital output channel 8, PNP type, ≤0.5 A continuous current output"
"P5","SDO (9~16) / 8 safety digital outputs","1~8","V–","Negative electrode of isolated power, shorted to internal GND by default"
"","","9","SDO9","Safety digital output channel 9, PNP type, ≤0.5 A continuous current output"
"","","10","SDO10","Safety digital output channel 10, PNP type, ≤0.5 A continuous current output"
"","","11","SDO11","Safety digital output channel 11, PNP type, ≤0.5 A continuous current output"
"","","12","SDO12","Safety digital output channel 12, PNP type, ≤0.5 A continuous current output"
"","","13","SDO13","Safety digital output channel 13, PNP type, ≤0.5 A continuous current output"
"","","14","SDO14","Safety digital output channel 14, PNP type, ≤0.5 A continuous current output"
"","","15","SDO15","Safety digital output channel 15, PNP type, ≤0.5 A continuous current output"
"","","16","SDO16","Safety digital output channel 16, PNP type, ≤0.5 A continuous current output"
"P6","HSI, RS485","1","M_A","Master RS485 communication, 485A"
"","","2","M_B","Master RS485 communication, 485B"
"","","3","S_A","Slave RS485 communication, 485A"
"","","4","S_B","Slave RS485 communication, 485B"
"","","5, 13","HSI_0V","Negative electrode of encoder internal power"
"","","6","A_N","Differential signal 1 (–) / encoder A–"
"","","7","B_N","Differential signal 2 (–) / encoder B–"
"","","8","Z_N","Differential signal 3 (–) / encoder Z–"
"","","9","M_0V","Negative electrode of isolated power of master RS485"
"","","10","HSI_5V","Internal +5V of encoder, max current is 100mA"
"","","11","S_0V","Negative electrode of isolated power of slave RS485"
"","","12","HSI_24V","Internal +5V of encoder, max current is 100mA"
"","","14","A_P","Differential signal 1 (+) / encoder A+"
"","","15","B_P","Differential signal 2 (+) / encoder B+"
"","","16","Z_P","Differential signal 3 (+) / encoder Z+"
"P7","DI (1~8) / 8 digital inputs","1~8","V+","Positive electrode of isolated power, shorted to internal 24V by default"
"","","9","DI1","Digital input 1, PNP/NPN configurable"
"","","10","DI2","Digital input 2, PNP/NPN configurable"
"","","11","DI3","Digital input 3, PNP/NPN configurable"
"","","12","DI4","Digital input 4, PNP/NPN configurable"
"","","13","DI5","Digital input 5, PNP/NPN configurable"
"","","14","DI6","Digital input 6, PNP/NPN configurable"
"","","15","DI7","Digital input 7, PNP/NPN configurable"
"","","16","DI8","Digital input 8, PNP/NPN configurable"
"P8","DI (9~16) / 8 digital inputs","1~8","V–","Negative electrode of isolated power, shorted to internal GND by default"
"","","9","DI9","Digital input 9, PNP/NPN configurable"
"","","10","DI10","Digital input 10, PNP/NPN configurable"
"","","11","DI11","Digital input 11, PNP/NPN configurable"
"","","12","DI12","Digital input 12, PNP/NPN configurable"
"","","13","DI13","Digital input 13, PNP/NPN configurable"
"","","14","DI14","Digital input 14, PNP/NPN configurable"
"","","15","DI15","Digital input 15, PNP/NPN configurable"
"","","16","DI16","Digital input 16, PNP/NPN configurable"
"P9","DO (1~8) / 8 digital outputs","1~8","V+","Positive electrode of isolated power, shorted to internal 24V by default"
"","","9","DO1","Digital output 1, PNP/NPN configurable"
"","","10","DO2","Digital output 2, PNP/NPN configurable"
"","","11","DO3","Digital output 3, PNP/NPN configurable"
"","","12","DO4","Digital output 4, PNP/NPN configurable"
"","","13","DO5","Digital output 5, PNP/NPN configurable"
"","","14","DO6","Digital output 6, PNP/NPN configurable"
"","","15","DO7","Digital output 7, PNP/NPN configurable"
"","","16","DO8","Digital output 8, PNP/NPN configurable"
"P10","DO (9~16) / 8 digital outputs","1~8","V–","Negative electrode of isolated power, shorted to internal GND by default"
"","","9","DO9","Digital output 9, PNP/NPN configurable"
"","","10","DO10","Digital output 10, PNP/NPN configurable"
"","","11","DO11","Digital output 11, PNP/NPN configurable"
"","","12","DO12","Digital output 12, PNP/NPN configurable"
"","","13","DO13","Digital output 13, PNP/NPN configurable"
"","","14","DO14","Digital output 14, PNP/NPN configurable"
"","","15","DO15","Digital output 15, PNP/NPN configurable"
"","","16","DO16","Digital output 16, PNP/NPN configurable"
"P11","","1~16","V+","Positive electrode of isolated power, shorted to internal 24V by default"
"P12","","1","C_L","BP internal debugging interface, CANL"
"","","9","C_H","BP internal debugging interface, CANH"
"","","2","M_L","Motion internal debugging interface, CANL"
"","","10","M_H","Motion internal debugging interface, CANH"
"","","3, 4","V–","Negative electrode of isolated power, shorted to internal GND by default"
"","","5~8, 15~16","V+","Positive electrode of isolated power, shorted to internal 24V by default"
"","","11~12","IN_V–","Internal GND"
"","","13~14","IN_V+","Internal 24 V"
