"Issue","Probable Cause","Solution"
"Robot is not reachable via Coboπ.","Control cabinet is powered off.","Power on the control cabinet."
"","Blocked by firewall.","Verify the firewall settings."
"","Not connected to the Wi-Fi of the control cabinet.","Connect to the Wi-Fi of the control cabinet."
"","Not connected to the control cabinet via Ethernet cable.","Verify the connection and functionality of the cable."
"","Incorrect IP address.","Configure the IP settings accordingly."
"Robot could not be enabled.","Joint x: self-learning flow or servo overcurrent. / Mechanical blocking of joint x.","Release the brake of joint x. / Contact your local JAKA service representative"
"","Emergency stop is pressed.","Release the emergency stop button."
"Robot is not powering on.","The simulation mode is active.","Switch to the real robot."
"","Emergency stop is pressed.","Release the emergency stop button."
"Emergency stop","Emergency stop is pressed.","Release the emergency stop button."
"","No control stick connected.","Connect the control stick properly."
"Default program is not executed.","Default program is not selected.","Select a default program in Coboπ."
"Initial orientation is not as intended.","Initial orientation has not been adjusted on initial start-up.","Adjust the initial orientation in Coboπ."
"Unexpected stop of robot during movement.","Overheating of the control cabinet.","Verify that there is sufficient airflow."
